"PIH",
"FLWS",
"FCCY",
"SRCE",
"VNET",
"TWOU",
"JOBS",
"CAFD",
"EGHT",
"AVHI",
"SHLM",
"AAON",
"ABAX",
"ABEO",
"ABEOW",
"ABIL",
"ABMD",
"AXAS",
"ACIA",
"ACTG",
"ACHC",
"ACAD",
"ACST",
"AXDX",
"XLRN",
"ANCX",
"ARAY",
"OILD",
"OILU",
"VXDN",
"VXUP",
"ACRX",
"ACET",
"AKAO",
"ACHN",
"ACIW",
"ACRS",
"ACNB",
"ACOR",
"ACTS",
"ACPW",
"ATVI",
"ACTA",
"ACUR",
"ACXM",
"ADMS",
"ADMP",
"ADAP",
"ADUS",
"AEY",
"IOTS",
"ADMA",
"ADBE",
"ADTN",
"ADRO",
"AAAP",
"ADES",
"AEIS",
"AITP",
"AMD",
"ADXS",
"ADXSW",
"ADVM",
"MAUI",
"YPRO",
"AEGR",
"AEGN",
"AGLE",
"AEHR",
"AMTX",
"AEPI",
"AERI",
"AVAV",
"AEZS",
"AEMD",
"AFMD",
"UAVS",
"UAVSU",
"AGEN",
"AGRX",
"AGYS",
"AGIO",
"AGFS",
"AGFSW",
"AIMT",
"AIRM",
"AIRT",
"ATSG",
"AMCN",
"AIXG",
"AKAM",
"AKTX",
"AKBA",
"AKER",
"AKRX",
"ALRM",
"ALSK",
"AMRI",
"ABDC",
"ADHD",
"ALDR",
"ALDX",
"ALXN",
"ALCO",
"ALGN",
"ALIM",
"ALJJ",
"ALKS",
"ABTX",
"ALGT",
"AIQ",
"AHGP",
"ARLP",
"AHPI",
"AMOT",
"ALQA",
"ALLT",
"MDRX",
"AFAM",
"ALNY",
"AOSL",
"GOOG",
"GOOGL",
"SMCP",
"ATEC",
"ASPS",
"AIMC",
"AMAG",
"AMRN",
"AMRK",
"AYA",
"AMZN",
"AMBC",
"AMBCW",
"AMBA",
"AMCX",
"DOX",
"AMDA",
"AMED",
"UHAL",
"ATAX",
"AMOV",
"AAL",
"AGNC",
"AGNCB",
"AGNCP",
"MTGE",
"MTGEP",
"ACSF",
"ACAS",
"AETI",
"AMIC",
"AMNB",
"ANAT",
"APEI",
"ARII",
"AMRB",
"ASEI",
"AMSWA",
"AMSC",
"AMWD",
"CRMT",
"ABCB",
"AMSF",
"ASRV",
"ASRVP",
"ATLO",
"AMGN",
"FOLD",
"AMKR",
"AMPH",
"IBUY",
"AMSG",
"AMSGP",
"ASYS",
"AFSI",
"AMRS",
"ADI",
"ALOG",
"AVXL",
"ANCB",
"ANDA",
"ANDAR",
"ANDAU",
"ANDAW",
"ANGI",
"ANGO",
"ANIP",
"ANIK",
"ANSS",
"ATRS",
"ANTH",
"ABAC",
"ZLIG",
"APIC",
"APOG",
"APOL",
"AINV",
"AMEH",
"APPF",
"AAPL",
"ARCI",
"APDN",
"APDNW",
"AGTC",
"AMAT",
"AMCC",
"AAOI",
"AREX",
"APRI",
"APVO",
"APTO",
"AQMS",
"AQXP",
"AUMA",
"AUMAU",
"AUMAW",
"ARDM",
"ARLZ",
"PETX",
"ABUS",
"ARCW",
"ABIO",
"RKDA",
"ARCB",
"ACGL",
"APLP",
"ACAT",
"ARDX",
"ARNA",
"ARCC",
"AGII",
"AGIIL",
"ARGS",
"ARIS",
"ARIA",
"ARKR",
"ARMH",
"ARTX",
"ARWA",
"ARWAR",
"ARWAU",
"ARWAW",
"ARQL",
"ARRY",
"ARRS",
"DWAT",
"AROW",
"ARWR",
"ARTNA",
"ARTW",
"PUMP",
"ASBB",
"ASNA",
"ASND",
"ASCMA",
"APWC",
"ASML",
"AZPN",
"ASMB",
"ASFI",
"ASTE",
"ATRO",
"ALOT",
"ASTC",
"ASUR",
"ATAI",
"ATRA",
"ATHN",
"ATHX",
"AAPC",
"AAME",
"ACBI",
"ACFC",
"ABY",
"ATLC",
"AAWW",
"AFH",
"TEAM",
"ATNI",
"ATMR",
"ATOS",
"ATRC",
"ATRI",
"ATTU",
"LIFE",
"AUBN",
"BOLD",
"AUDC",
"AUPH",
"EARS",
"ABTL",
"ADSK",
"AGMX",
"ADP",
"AVEO",
"AVXS",
"AVNW",
"AVID",
"AVGR",
"AVIR",
"CAR",
"AWRE",
"ACLS",
"AXGN",
"AXSM",
"AXTI",
"DDD",
"MMM",
"WBAI",
"WUBA",
"AHC",
"ATEN",
"AAC",
"AIR",
"AAN",
"ABB",
"ABT",
"ABBV",
"ANF",
"GCH",
"JEQ",
"SGF",
"ABM",
"AKR",
"ACN",
"ACCO",
"ACW",
"ATV",
"ATU",
"AYI",
"ADX",
"PEO",
"AGRO",
"ADPT",
"AAP",
"WMS",
"ASX",
"APFH",
"AAV",
"AVK",
"AGC",
"LCM",
"ACM",
"ANW",
"AEB",
"AED",
"AEG",
"AEH",
"AEK",
"AER",
"HIVE",
"AJRD",
"AET",
"AMG",
"MGR",
"AFL",
"AFSD",
"MITT",
"MITT^A",
"MITT^B",
"AGCO",
"A",
"AEM",
"ADC",
"GRO",
"AGU",
"AL",
"APD",
"AYR",
"AKS",
"ALP^O",
"ALG",
"AGI",
"ALK",
"AIN",
"ALB",
"AA",
"AA^B",
"ALR",
"ALR^B",
"ALEX",
"ALX",
"ARE",
"ARE^D",
"ARE^E",
"BABA",
"Y",
"ATI",
"ALLE",
"AGN",
"AGN^A",
"ALE",
"AKP",
"ADS",
"AFB",
"AOI",
"AWF",
"AB",
"LNT",
"NCV",
"NCZ",
"ACV",
"NIE",
"NFJ",
"AWH",
"ALSN",
"ALL",
"ALL^A",
"ALL^B",
"ALL^C",
"ALL^D",
"ALL^E",
"ALL^F",
"ALLY",
"ALLY^A",
"ALJ",
"ALDW",
"AGD",
"AWP",
"AOD",
"RESI",
"MO",
"ACH",
"AMBR",
"ABEV",
"AMC",
"AMFW",
"AEE",
"AMRC",
"AMX",
"AAT",
"AXL",
"ACC",
"AEO",
"AEP",
"AEL",
"AXP",
"AFA",
"AFG",
"AFGE",
"AFGH",
"AFW",
"AMH",
"AMH^A",
"AMH^B",
"AMH^C",
"AMH^D",
"AMH^E",
"AIG",
"AIG.WS",
"AMID",
"ARL",
"ARA",
"AWR",
"AMT",
"AMT^A",
"AMT^B",
"AVD",
"AWK",
"APU",
"AMP",
"ABC",
"ANFI",
"AHS",
"AP",
"APH",
"BETR",
"AXR",
"AME",
"AFSI^A",
"AFSI^B",
"AFSI^C",
"AFSI^D",
"AFSI^E",
"AFSS",
"AFST",
"AEUA",
"APC",
"AU",
"BUD",
"AXE",
"NLY",
"NLY^A",
"NLY^C",
"NLY^D",
"NLY^E",
"AM",
"AR",
"ANTM",
"ANTX",
"ANH",
"ANH^A",
"ANH^B",
"ANH^C",
"AON",
"APA",
"AIV",
"AIV^A",
"ARI",
"ARI^A",
"APO",
"AIB",
"AIY",
"AMTG",
"AMTG^A",
"AFT",
"AIF",
"APLE",
"AIT",
"ATR",
"WTR",
"ARMK",
"ABR",
"ABR^A",
"ABR^B",
"ABR^C",
"ABRN",
"ARC",
"ARCX",
"MT",
"ARH^C",
"ADM",
"AROC",
"ARCO",
"ASC",
"AFC",
"ARU",
"ACRE",
"ARDC",
"ARES",
"ARES^A",
"AGX",
"ANET",
"AI",
"AIC",
"AIW",
"AHH",
"ARR",
"ARR^A",
"ARR^B",
"AFI",
"AWI",
"ARW",
"AJG",
"APAM",
"ASA",
"ABG",
"AHP",
"AHP^B",
"AHT",
"AHT^A",
"AHT^D",
"AHT^E.CL",
"AHT^F",
"ASH",
"APB",
"GRR",
"ASPN",
"AHL",
"AHL^A",
"AHL^B",
"AHL^C",
"ASB",
"ASB^B.CL",
"ASB^C",
"AC",
"AIZ",
"AGO",
"AGO^B",
"AGO^E",
"AGO^F",
"AF",
"AF^C",
"AZN",
"HOME",
"T",
"ATTO",
"ATKR",
"AT",
"ATO",
"ATW",
"AUO",
"ATHM",
"ALV",
"AN",
"AZO",
"AVB",
"AGR",
"ACP",
"AVY",
"AVG",
"AVH",
"AVA",
"AV",
"AVV",
"AVT",
"AVP",
"AVX",
"AXTA",
"AXLL",
"AXS",
"AXS^C",
"AXS^D",
"AZZ",
"XXII",
"FAX",
"IAF",
"CH",
"ABE",
"FCO",
"IF",
"ISL",
"ACU",
"AIII",
"ATNM",
"AE",
"ADK",
"ADK^A",
"ACY",
"WGA",
"AIRI",
"AA^",
"AXU",
"AAU",
"APT",
"AAMC",
"DIT",
"ADGE",
"AFCO",
"ALN",
"AMS",
"AMPE",
"APHB",
"AXN",
"HRT",
"AKG",
"AINC",
"ASB.WS",
"AST",
"AST.WS",
"AWX",
"ASM"
